"County","Organization","Apply Link"
"Anderson","Lone Star Legal Aid","https://lslaoi.legalserver.org/modules/matter/extern_intake.php?pid=132&h=f0baaf&state_uuid=af9cb316-601e-11f1-ac7d-0eea33fe5494&f=375&d_id=6"
"Andrews","LANWT","https://lanwtoi.legalserver.org/modules/matter/extern_intake.php?pid=132&h=f0baaf&"
"Angelina","Lone Star Legal Aid","https://lslaoi.legalserver.org/modules/matter/extern_intake.php?pid=132&h=f0baaf&state_uuid=af9cb316-601e-11f1-ac7d-0eea33fe5494&f=375&d_id=6"
"Aransas","TRLA","https://www.trla.org/help"
"Archer","LANWT","https://lanwtoi.legalserver.org/modules/matter/extern_intake.php?pid=132&h=f0baaf&"
"Armstrong","LANWT","https://lanwtoi.legalserver.org/modules/matter/extern_intake.php?pid=132&h=f0baaf&"
"Atascosa","TRLA","https://www.trla.org/help"
"Austin","Lone Star Legal Aid","https://lslaoi.legalserver.org/modules/matter/extern_intake.php?pid=132&h=f0baaf&state_uuid=af9cb316-601e-11f1-ac7d-0eea33fe5494&f=375&d_id=6"
"Bailey","LANWT","https://lanwtoi.legalserver.org/modules/matter/extern_intake.php?pid=132&h=f0baaf&"
"Bandera","TRLA","https://www.trla.org/help"
"Bastrop","TRLA","https://www.trla.org/help"
"Baylor","LANWT","https://lanwtoi.legalserver.org/modules/matter/extern_intake.php?pid=132&h=f0baaf&"
"Bee","TRLA","https://www.trla.org/help"
"Bell","Lone Star Legal Aid","https://lslaoi.legalserver.org/modules/matter/extern_intake.php?pid=132&h=f0baaf&state_uuid=af9cb316-601e-11f1-ac7d-0eea33fe5494&f=375&d_id=6"
"Bexar","TRLA","https://www.trla.org/help"
"Blanco","TRLA","https://www.trla.org/help"
"Borden","LANWT","https://lanwtoi.legalserver.org/modules/matter/extern_intake.php?pid=132&h=f0baaf&"
"Bosque","Lone Star Legal Aid","https://lslaoi.legalserver.org/modules/matter/extern_intake.php?pid=132&h=f0baaf&state_uuid=af9cb316-601e-11f1-ac7d-0eea33fe5494&f=375&d_id=6"
"Bowie","Lone Star Legal Aid","In person — Texarkana Homeless Coalition; Randy Sams Shelter; Mission Texarkana; Bowie County Family Health Center (outreach 10:00 a.m.–2:00 p.m.)"
"Brazoria","Lone Star Legal Aid","https://lslaoi.legalserver.org/modules/matter/extern_intake.php?pid=132&h=f0baaf&state_uuid=af9cb316-601e-11f1-ac7d-0eea33fe5494&f=375&d_id=6"
"Brazos","Lone Star Legal Aid","https://lslaoi.legalserver.org/modules/matter/extern_intake.php?pid=132&h=f0baaf&state_uuid=af9cb316-601e-11f1-ac7d-0eea33fe5494&f=375&d_id=6"
"Brewster","TRLA","https://forms.office.com/pages/responsepage.aspx?id=r_0sCXTsb0OJ74sahFt5f3aNFzITsmxHmvIcPn0n095UNkxMVlBTQlpYUUEwTzczTk1WMjFXOU02VC4u&route=shorturl"
"Briscoe","LANWT","https://lanwtoi.legalserver.org/modules/matter/extern_intake.php?pid=132&h=f0baaf&"
"Brooks","TRLA","https://www.trla.org/help"
"Brown","LANWT","https://lanwtoi.legalserver.org/modules/matter/extern_intake.php?pid=132&h=f0baaf&"
"Burleson","Lone Star Legal Aid","https://lslaoi.legalserver.org/modules/matter/extern_intake.php?pid=132&h=f0baaf&state_uuid=af9cb316-601e-11f1-ac7d-0eea33fe5494&f=375&d_id=6"
"Burnet","TRLA","https://www.trla.org/help"
"Caldwell","TRLA","https://www.trla.org/help"
"Calhoun","TRLA","https://www.trla.org/help"
"Callahan","LANWT","https://lanwtoi.legalserver.org/modules/matter/extern_intake.php?pid=132&h=f0baaf&"
"Cameron","TRLA","https://www.trla.org/help"
"Camp","Lone Star Legal Aid","https://lslaoi.legalserver.org/modules/matter/extern_intake.php?pid=132&h=f0baaf&state_uuid=af9cb316-601e-11f1-ac7d-0eea33fe5494&f=375&d_id=6"
"Carson","LANWT","https://lanwtoi.legalserver.org/modules/matter/extern_intake.php?pid=132&h=f0baaf&"
"Cass","Lone Star Legal Aid","https://lslaoi.legalserver.org/modules/matter/extern_intake.php?pid=132&h=f0baaf&state_uuid=af9cb316-601e-11f1-ac7d-0eea33fe5494&f=375&d_id=6"
"Castro","LANWT","https://lanwtoi.legalserver.org/modules/matter/extern_intake.php?pid=132&h=f0baaf&"
"Chambers","Lone Star Legal Aid","https://lslaoi.legalserver.org/modules/matter/extern_intake.php?pid=132&h=f0baaf&state_uuid=af9cb316-601e-11f1-ac7d-0eea33fe5494&f=375&d_id=6"
"Cherokee","Lone Star Legal Aid","https://lslaoi.legalserver.org/modules/matter/extern_intake.php?pid=132&h=f0baaf&state_uuid=af9cb316-601e-11f1-ac7d-0eea33fe5494&f=375&d_id=6"
"Childress","LANWT","https://lanwtoi.legalserver.org/modules/matter/extern_intake.php?pid=132&h=f0baaf&"
"Clay","LANWT","https://lanwtoi.legalserver.org/modules/matter/extern_intake.php?pid=132&h=f0baaf&"
"Cochran","LANWT","https://lanwtoi.legalserver.org/modules/matter/extern_intake.php?pid=132&h=f0baaf&"
"Coke","LANWT","https://lanwtoi.legalserver.org/modules/matter/extern_intake.php?pid=132&h=f0baaf&"
"Coleman","LANWT","https://lanwtoi.legalserver.org/modules/matter/extern_intake.php?pid=132&h=f0baaf&"
"Collin","LANWT","https://forms.cloud.microsoft/r/5cCiuTLXPG?origin=lprLink"
"Collingsworth","LANWT","https://lanwtoi.legalserver.org/modules/matter/extern_intake.php?pid=132&h=f0baaf&"
"Colorado","Lone Star Legal Aid","https://lslaoi.legalserver.org/modules/matter/extern_intake.php?pid=132&h=f0baaf&state_uuid=af9cb316-601e-11f1-ac7d-0eea33fe5494&f=375&d_id=6"
"Comal","TRLA","https://www.trla.org/help"
"Comanche","LANWT","https://lanwtoi.legalserver.org/modules/matter/extern_intake.php?pid=132&h=f0baaf&"
"Concho","LANWT","https://lanwtoi.legalserver.org/modules/matter/extern_intake.php?pid=132&h=f0baaf&"
"Cooke","LANWT","https://lanwtoi.legalserver.org/modules/matter/extern_intake.php?pid=132&h=f0baaf&"
"Coryell","Lone Star Legal Aid","https://lslaoi.legalserver.org/modules/matter/extern_intake.php?pid=132&h=f0baaf&state_uuid=af9cb316-601e-11f1-ac7d-0eea33fe5494&f=375&d_id=6"
"Cottle","LANWT","https://lanwtoi.legalserver.org/modules/matter/extern_intake.php?pid=132&h=f0baaf&"
"Crane","LANWT","https://lanwtoi.legalserver.org/modules/matter/extern_intake.php?pid=132&h=f0baaf&"
"Crockett","TRLA","https://www.trla.org/help"
"Crosby","LANWT","https://lanwtoi.legalserver.org/modules/matter/extern_intake.php?pid=132&h=f0baaf&"
"Culberson","TRLA","https://www.trla.org/help"
"Dallam","LANWT","https://lanwtoi.legalserver.org/modules/matter/extern_intake.php?pid=132&h=f0baaf&"
"Dallas","LANWT","In person — clinic site address to be confirmed (no online application)"
"Dawson","LANWT","https://lanwtoi.legalserver.org/modules/matter/extern_intake.php?pid=132&h=f0baaf&"
"Deaf Smith","LANWT","https://lanwtoi.legalserver.org/modules/matter/extern_intake.php?pid=132&h=f0baaf&"
"Delta","Lone Star Legal Aid","https://lslaoi.legalserver.org/modules/matter/extern_intake.php?pid=132&h=f0baaf&state_uuid=af9cb316-601e-11f1-ac7d-0eea33fe5494&f=375&d_id=6"
"Denton","LANWT","https://lanwtoi.legalserver.org/modules/matter/extern_intake.php?pid=132&h=f0baaf&"
"Dewitt","TRLA","https://www.trla.org/help"
"Dickens","LANWT","https://lanwtoi.legalserver.org/modules/matter/extern_intake.php?pid=132&h=f0baaf&"
"Dimmit","TRLA","https://www.trla.org/help"
"Donley","LANWT","https://lanwtoi.legalserver.org/modules/matter/extern_intake.php?pid=132&h=f0baaf&"
"Duval","TRLA","https://www.trla.org/help"
"Eastland","LANWT","https://lanwtoi.legalserver.org/modules/matter/extern_intake.php?pid=132&h=f0baaf&"
"Ector","LANWT","https://lanwtoi.legalserver.org/modules/matter/extern_intake.php?pid=132&h=f0baaf&"
"Edwards","TRLA","https://www.trla.org/help"
"El Paso","TRLA","https://www.trla.org/help"
"Ellis","LANWT","https://lanwtoi.legalserver.org/modules/matter/extern_intake.php?pid=132&h=f0baaf&"
"Erath","LANWT","https://lanwtoi.legalserver.org/modules/matter/extern_intake.php?pid=132&h=f0baaf&"
"Falls","Lone Star Legal Aid","https://lslaoi.legalserver.org/modules/matter/extern_intake.php?pid=132&h=f0baaf&state_uuid=af9cb316-601e-11f1-ac7d-0eea33fe5494&f=375&d_id=6"
"Fannin","LANWT","https://lanwtoi.legalserver.org/modules/matter/extern_intake.php?pid=132&h=f0baaf&"
"Fayette","Lone Star Legal Aid","https://lslaoi.legalserver.org/modules/matter/extern_intake.php?pid=132&h=f0baaf&state_uuid=af9cb316-601e-11f1-ac7d-0eea33fe5494&f=375&d_id=6"
"Fisher","LANWT","https://lanwtoi.legalserver.org/modules/matter/extern_intake.php?pid=132&h=f0baaf&"
"Floyd","LANWT","https://lanwtoi.legalserver.org/modules/matter/extern_intake.php?pid=132&h=f0baaf&"
"Foard","LANWT","https://lanwtoi.legalserver.org/modules/matter/extern_intake.php?pid=132&h=f0baaf&"
"Fort Bend","Lone Star Legal Aid","https://lslaoi.legalserver.org/modules/matter/extern_intake.php?pid=132&h=f0baaf&state_uuid=af9cb316-601e-11f1-ac7d-0eea33fe5494&f=375&d_id=6"
"Franklin","Lone Star Legal Aid","https://lslaoi.legalserver.org/modules/matter/extern_intake.php?pid=132&h=f0baaf&state_uuid=af9cb316-601e-11f1-ac7d-0eea33fe5494&f=375&d_id=6"
"Freestone","Lone Star Legal Aid","https://lslaoi.legalserver.org/modules/matter/extern_intake.php?pid=132&h=f0baaf&state_uuid=af9cb316-601e-11f1-ac7d-0eea33fe5494&f=375&d_id=6"
"Frio","TRLA","https://www.trla.org/help"
"Gaines","LANWT","https://lanwtoi.legalserver.org/modules/matter/extern_intake.php?pid=132&h=f0baaf&"
"Galveston","Lone Star Legal Aid","https://lslaoi.legalserver.org/modules/matter/extern_intake.php?pid=132&h=f0baaf&state_uuid=af9cb316-601e-11f1-ac7d-0eea33fe5494&f=375&d_id=6"
"Garza","LANWT","https://lanwtoi.legalserver.org/modules/matter/extern_intake.php?pid=132&h=f0baaf&"
"Gillespie","TRLA","https://www.trla.org/help"
"Glasscock","LANWT","https://lanwtoi.legalserver.org/modules/matter/extern_intake.php?pid=132&h=f0baaf&"
"Goliad","TRLA","https://www.trla.org/help"
"Gonzales","TRLA","https://www.trla.org/help"
"Gray","LANWT","https://lanwtoi.legalserver.org/modules/matter/extern_intake.php?pid=132&h=f0baaf&"
"Grayson","LANWT","https://lanwtoi.legalserver.org/modules/matter/extern_intake.php?pid=132&h=f0baaf&"
"Gregg","Lone Star Legal Aid","https://lslaoi.legalserver.org/modules/matter/extern_intake.php?pid=132&h=f0baaf&state_uuid=af9cb316-601e-11f1-ac7d-0eea33fe5494&f=375&d_id=6"
"Grimes","Lone Star Legal Aid","https://lslaoi.legalserver.org/modules/matter/extern_intake.php?pid=132&h=f0baaf&state_uuid=af9cb316-601e-11f1-ac7d-0eea33fe5494&f=375&d_id=6"
"Guadalupe","TRLA","https://www.trla.org/help"
"Hale","LANWT","https://lanwtoi.legalserver.org/modules/matter/extern_intake.php?pid=132&h=f0baaf&"
"Hall","LANWT","https://lanwtoi.legalserver.org/modules/matter/extern_intake.php?pid=132&h=f0baaf&"
"Hamilton","Lone Star Legal Aid","https://lslaoi.legalserver.org/modules/matter/extern_intake.php?pid=132&h=f0baaf&state_uuid=af9cb316-601e-11f1-ac7d-0eea33fe5494&f=375&d_id=6"
"Hansford","LANWT","https://lanwtoi.legalserver.org/modules/matter/extern_intake.php?pid=132&h=f0baaf&"
"Hardeman","LANWT","https://lanwtoi.legalserver.org/modules/matter/extern_intake.php?pid=132&h=f0baaf&"
"Hardin","Lone Star Legal Aid","https://lslaoi.legalserver.org/modules/matter/extern_intake.php?pid=132&h=f0baaf&state_uuid=af9cb316-601e-11f1-ac7d-0eea33fe5494&f=375&d_id=6"
"Harris","Harris (LSLA + Beacon Law)","LSLA: https://lslaoi.legalserver.org/...pid=132  |  Beacon Law: https://www.jotform.com/beaconlaw/record-clearing"
"Harrison","Lone Star Legal Aid","https://lslaoi.legalserver.org/modules/matter/extern_intake.php?pid=132&h=f0baaf&state_uuid=af9cb316-601e-11f1-ac7d-0eea33fe5494&f=375&d_id=6"
"Hartley","LANWT","https://lanwtoi.legalserver.org/modules/matter/extern_intake.php?pid=132&h=f0baaf&"
"Haskell","LANWT","https://lanwtoi.legalserver.org/modules/matter/extern_intake.php?pid=132&h=f0baaf&"
"Hays","TRLA","https://www.trla.org/help"
"Hemphill","LANWT","https://lanwtoi.legalserver.org/modules/matter/extern_intake.php?pid=132&h=f0baaf&"
"Henderson","Lone Star Legal Aid","https://lslaoi.legalserver.org/modules/matter/extern_intake.php?pid=132&h=f0baaf&state_uuid=af9cb316-601e-11f1-ac7d-0eea33fe5494&f=375&d_id=6"
"Hidalgo","TRLA","https://www.trla.org/help"
"Hill","Lone Star Legal Aid","https://lslaoi.legalserver.org/modules/matter/extern_intake.php?pid=132&h=f0baaf&state_uuid=af9cb316-601e-11f1-ac7d-0eea33fe5494&f=375&d_id=6"
"Hockley","LANWT","https://lanwtoi.legalserver.org/modules/matter/extern_intake.php?pid=132&h=f0baaf&"
"Hood","LANWT","https://lanwtoi.legalserver.org/modules/matter/extern_intake.php?pid=132&h=f0baaf&"
"Hopkins","Lone Star Legal Aid","https://lslaoi.legalserver.org/modules/matter/extern_intake.php?pid=132&h=f0baaf&state_uuid=af9cb316-601e-11f1-ac7d-0eea33fe5494&f=375&d_id=6"
"Houston","Lone Star Legal Aid","https://lslaoi.legalserver.org/modules/matter/extern_intake.php?pid=132&h=f0baaf&state_uuid=af9cb316-601e-11f1-ac7d-0eea33fe5494&f=375&d_id=6"
"Howard","LANWT","https://lanwtoi.legalserver.org/modules/matter/extern_intake.php?pid=132&h=f0baaf&"
"Hudspeth","TRLA","https://www.trla.org/help"
"Hunt","LANWT","https://lanwtoi.legalserver.org/modules/matter/extern_intake.php?pid=132&h=f0baaf&"
"Hutchinson","LANWT","https://lanwtoi.legalserver.org/modules/matter/extern_intake.php?pid=132&h=f0baaf&"
"Irion","LANWT","https://lanwtoi.legalserver.org/modules/matter/extern_intake.php?pid=132&h=f0baaf&"
"Jack","LANWT","https://lanwtoi.legalserver.org/modules/matter/extern_intake.php?pid=132&h=f0baaf&"
"Jackson","TRLA","https://www.trla.org/help"
"Jasper","Lone Star Legal Aid","https://lslaoi.legalserver.org/modules/matter/extern_intake.php?pid=132&h=f0baaf&state_uuid=af9cb316-601e-11f1-ac7d-0eea33fe5494&f=375&d_id=6"
"Jeff Davis","TRLA","https://www.trla.org/help"
"Jefferson","Lone Star Legal Aid","https://lslaoi.legalserver.org/modules/matter/extern_intake.php?pid=132&h=f0baaf&state_uuid=af9cb316-601e-11f1-ac7d-0eea33fe5494&f=375&d_id=6"
"Jim Hogg","TRLA","https://www.trla.org/help"
"Jim Wells","TRLA","https://www.trla.org/help"
"Johnson","LANWT","https://lanwtoi.legalserver.org/modules/matter/extern_intake.php?pid=132&h=f0baaf&"
"Jones","LANWT","https://lanwtoi.legalserver.org/modules/matter/extern_intake.php?pid=132&h=f0baaf&"
"Karnes","TRLA","https://www.trla.org/help"
"Kaufman","LANWT","https://lanwtoi.legalserver.org/modules/matter/extern_intake.php?pid=132&h=f0baaf&"
"Kendall","TRLA","https://www.trla.org/help"
"Kenedy","TRLA","https://www.trla.org/help"
"Kent","LANWT","https://lanwtoi.legalserver.org/modules/matter/extern_intake.php?pid=132&h=f0baaf&"
"Kerr","TRLA","https://www.trla.org/help"
"Kimble","TRLA","https://www.trla.org/help"
"King","LANWT","https://lanwtoi.legalserver.org/modules/matter/extern_intake.php?pid=132&h=f0baaf&"
"Kinney","TRLA","https://www.trla.org/help"
"Kleberg","TRLA","https://www.trla.org/help"
"Knox","LANWT","https://lanwtoi.legalserver.org/modules/matter/extern_intake.php?pid=132&h=f0baaf&"
"La Salle","TRLA","https://www.trla.org/help"
"Lamar","Lone Star Legal Aid","https://lslaoi.legalserver.org/modules/matter/extern_intake.php?pid=132&h=f0baaf&state_uuid=af9cb316-601e-11f1-ac7d-0eea33fe5494&f=375&d_id=6"
"Lamb","LANWT","https://lanwtoi.legalserver.org/modules/matter/extern_intake.php?pid=132&h=f0baaf&"
"Lampasas","Lone Star Legal Aid","https://lslaoi.legalserver.org/modules/matter/extern_intake.php?pid=132&h=f0baaf&state_uuid=af9cb316-601e-11f1-ac7d-0eea33fe5494&f=375&d_id=6"
"Lavaca","TRLA","https://www.trla.org/help"
"Lee","Lone Star Legal Aid","https://lslaoi.legalserver.org/modules/matter/extern_intake.php?pid=132&h=f0baaf&state_uuid=af9cb316-601e-11f1-ac7d-0eea33fe5494&f=375&d_id=6"
"Leon","Lone Star Legal Aid","https://lslaoi.legalserver.org/modules/matter/extern_intake.php?pid=132&h=f0baaf&state_uuid=af9cb316-601e-11f1-ac7d-0eea33fe5494&f=375&d_id=6"
"Liberty","Lone Star Legal Aid","https://lslaoi.legalserver.org/modules/matter/extern_intake.php?pid=132&h=f0baaf&state_uuid=af9cb316-601e-11f1-ac7d-0eea33fe5494&f=375&d_id=6"
"Limestone","Lone Star Legal Aid","https://lslaoi.legalserver.org/modules/matter/extern_intake.php?pid=132&h=f0baaf&state_uuid=af9cb316-601e-11f1-ac7d-0eea33fe5494&f=375&d_id=6"
"Lipscomb","LANWT","https://lanwtoi.legalserver.org/modules/matter/extern_intake.php?pid=132&h=f0baaf&"
"Live Oak","TRLA","https://www.trla.org/help"
"Llano","TRLA","https://www.trla.org/help"
"Loving","LANWT","https://lanwtoi.legalserver.org/modules/matter/extern_intake.php?pid=132&h=f0baaf&"
"Lubbock","LANWT","https://forms.cloud.microsoft/r/5cCiuTLXPG?origin=lprLink"
"Lynn","LANWT","https://lanwtoi.legalserver.org/modules/matter/extern_intake.php?pid=132&h=f0baaf&"
"Madison","Lone Star Legal Aid","https://lslaoi.legalserver.org/modules/matter/extern_intake.php?pid=132&h=f0baaf&state_uuid=af9cb316-601e-11f1-ac7d-0eea33fe5494&f=375&d_id=6"
"Marion","Lone Star Legal Aid","https://lslaoi.legalserver.org/modules/matter/extern_intake.php?pid=132&h=f0baaf&state_uuid=af9cb316-601e-11f1-ac7d-0eea33fe5494&f=375&d_id=6"
"Martin","LANWT","https://lanwtoi.legalserver.org/modules/matter/extern_intake.php?pid=132&h=f0baaf&"
"Mason","TRLA","https://www.trla.org/help"
"Matagorda","Lone Star Legal Aid","https://lslaoi.legalserver.org/modules/matter/extern_intake.php?pid=132&h=f0baaf&state_uuid=af9cb316-601e-11f1-ac7d-0eea33fe5494&f=375&d_id=6"
"Maverick","TRLA","https://www.trla.org/help"
"McCulloch","LANWT","https://lanwtoi.legalserver.org/modules/matter/extern_intake.php?pid=132&h=f0baaf&"
"McLennan","Lone Star Legal Aid","https://lslaoi.legalserver.org/modules/matter/extern_intake.php?pid=132&h=f0baaf&state_uuid=af9cb316-601e-11f1-ac7d-0eea33fe5494&f=375&d_id=6"
"McMullen","TRLA","https://www.trla.org/help"
"Medina","TRLA","https://www.trla.org/help"
"Menard","LANWT","https://lanwtoi.legalserver.org/modules/matter/extern_intake.php?pid=132&h=f0baaf&"
"Midland","LANWT","https://lanwtoi.legalserver.org/modules/matter/extern_intake.php?pid=132&h=f0baaf&"
"Milam","Lone Star Legal Aid","https://lslaoi.legalserver.org/modules/matter/extern_intake.php?pid=132&h=f0baaf&state_uuid=af9cb316-601e-11f1-ac7d-0eea33fe5494&f=375&d_id=6"
"Mills","LANWT","https://lanwtoi.legalserver.org/modules/matter/extern_intake.php?pid=132&h=f0baaf&"
"Mitchell","LANWT","https://lanwtoi.legalserver.org/modules/matter/extern_intake.php?pid=132&h=f0baaf&"
"Montague","LANWT","https://lanwtoi.legalserver.org/modules/matter/extern_intake.php?pid=132&h=f0baaf&"
"Montgomery","Lone Star Legal Aid","https://lslaoi.legalserver.org/modules/matter/extern_intake.php?pid=132&h=f0baaf&state_uuid=af9cb316-601e-11f1-ac7d-0eea33fe5494&f=375&d_id=6"
"Moore","LANWT","https://lanwtoi.legalserver.org/modules/matter/extern_intake.php?pid=132&h=f0baaf&"
"Morris","Lone Star Legal Aid","https://lslaoi.legalserver.org/modules/matter/extern_intake.php?pid=132&h=f0baaf&state_uuid=af9cb316-601e-11f1-ac7d-0eea33fe5494&f=375&d_id=6"
"Motley","LANWT","https://lanwtoi.legalserver.org/modules/matter/extern_intake.php?pid=132&h=f0baaf&"
"Nacogdoches","Lone Star Legal Aid","https://lslaoi.legalserver.org/modules/matter/extern_intake.php?pid=132&h=f0baaf&state_uuid=af9cb316-601e-11f1-ac7d-0eea33fe5494&f=375&d_id=6"
"Navarro","Lone Star Legal Aid","https://lslaoi.legalserver.org/modules/matter/extern_intake.php?pid=132&h=f0baaf&state_uuid=af9cb316-601e-11f1-ac7d-0eea33fe5494&f=375&d_id=6"
"Newton","Lone Star Legal Aid","https://lslaoi.legalserver.org/modules/matter/extern_intake.php?pid=132&h=f0baaf&state_uuid=af9cb316-601e-11f1-ac7d-0eea33fe5494&f=375&d_id=6"
"Nolan","LANWT","https://lanwtoi.legalserver.org/modules/matter/extern_intake.php?pid=132&h=f0baaf&"
"Nueces","TRLA","https://www.trla.org/help"
"Ochiltree","LANWT","https://lanwtoi.legalserver.org/modules/matter/extern_intake.php?pid=132&h=f0baaf&"
"Oldham","LANWT","https://lanwtoi.legalserver.org/modules/matter/extern_intake.php?pid=132&h=f0baaf&"
"Orange","Lone Star Legal Aid","https://lslaoi.legalserver.org/modules/matter/extern_intake.php?pid=132&h=f0baaf&state_uuid=af9cb316-601e-11f1-ac7d-0eea33fe5494&f=375&d_id=6"
"Palo Pinto","LANWT","https://lanwtoi.legalserver.org/modules/matter/extern_intake.php?pid=132&h=f0baaf&"
"Panola","Lone Star Legal Aid","https://lslaoi.legalserver.org/modules/matter/extern_intake.php?pid=132&h=f0baaf&state_uuid=af9cb316-601e-11f1-ac7d-0eea33fe5494&f=375&d_id=6"
"Parker","LANWT","https://lanwtoi.legalserver.org/modules/matter/extern_intake.php?pid=132&h=f0baaf&"
"Parmer","LANWT","https://lanwtoi.legalserver.org/modules/matter/extern_intake.php?pid=132&h=f0baaf&"
"Pecos","TRLA","https://www.trla.org/help"
"Polk","Lone Star Legal Aid","https://lslaoi.legalserver.org/modules/matter/extern_intake.php?pid=132&h=f0baaf&state_uuid=af9cb316-601e-11f1-ac7d-0eea33fe5494&f=375&d_id=6"
"Potter","LANWT","https://lanwtoi.legalserver.org/modules/matter/extern_intake.php?pid=132&h=f0baaf&"
"Presidio","TRLA","https://www.trla.org/help"
"Rains","Lone Star Legal Aid","https://lslaoi.legalserver.org/modules/matter/extern_intake.php?pid=132&h=f0baaf&state_uuid=af9cb316-601e-11f1-ac7d-0eea33fe5494&f=375&d_id=6"
"Randall","LANWT","https://lanwtoi.legalserver.org/modules/matter/extern_intake.php?pid=132&h=f0baaf&"
"Reagan","LANWT","https://lanwtoi.legalserver.org/modules/matter/extern_intake.php?pid=132&h=f0baaf&"
"Real","TRLA","https://www.trla.org/help"
"Red River","Lone Star Legal Aid","https://lslaoi.legalserver.org/modules/matter/extern_intake.php?pid=132&h=f0baaf&state_uuid=af9cb316-601e-11f1-ac7d-0eea33fe5494&f=375&d_id=6"
"Reeves","TRLA","https://www.trla.org/help"
"Refugio","TRLA","https://www.trla.org/help"
"Roberts","LANWT","https://lanwtoi.legalserver.org/modules/matter/extern_intake.php?pid=132&h=f0baaf&"
"Robertson","Lone Star Legal Aid","https://lslaoi.legalserver.org/modules/matter/extern_intake.php?pid=132&h=f0baaf&state_uuid=af9cb316-601e-11f1-ac7d-0eea33fe5494&f=375&d_id=6"
"Rockwall","LANWT","https://lanwtoi.legalserver.org/modules/matter/extern_intake.php?pid=132&h=f0baaf&"
"Runnels","LANWT","https://lanwtoi.legalserver.org/modules/matter/extern_intake.php?pid=132&h=f0baaf&"
"Rusk","Lone Star Legal Aid","https://lslaoi.legalserver.org/modules/matter/extern_intake.php?pid=132&h=f0baaf&state_uuid=af9cb316-601e-11f1-ac7d-0eea33fe5494&f=375&d_id=6"
"Sabine","Lone Star Legal Aid","https://lslaoi.legalserver.org/modules/matter/extern_intake.php?pid=132&h=f0baaf&state_uuid=af9cb316-601e-11f1-ac7d-0eea33fe5494&f=375&d_id=6"
"San Augustine","Lone Star Legal Aid","https://lslaoi.legalserver.org/modules/matter/extern_intake.php?pid=132&h=f0baaf&state_uuid=af9cb316-601e-11f1-ac7d-0eea33fe5494&f=375&d_id=6"
"San Jacinto","Lone Star Legal Aid","https://lslaoi.legalserver.org/modules/matter/extern_intake.php?pid=132&h=f0baaf&state_uuid=af9cb316-601e-11f1-ac7d-0eea33fe5494&f=375&d_id=6"
"San Patricio","TRLA","https://www.trla.org/help"
"San Saba","LANWT","https://lanwtoi.legalserver.org/modules/matter/extern_intake.php?pid=132&h=f0baaf&"
"Schleicher","LANWT","https://lanwtoi.legalserver.org/modules/matter/extern_intake.php?pid=132&h=f0baaf&"
"Scurry","LANWT","https://lanwtoi.legalserver.org/modules/matter/extern_intake.php?pid=132&h=f0baaf&"
"Shackelford","LANWT","https://lanwtoi.legalserver.org/modules/matter/extern_intake.php?pid=132&h=f0baaf&"
"Shelby","Lone Star Legal Aid","https://lslaoi.legalserver.org/modules/matter/extern_intake.php?pid=132&h=f0baaf&state_uuid=af9cb316-601e-11f1-ac7d-0eea33fe5494&f=375&d_id=6"
"Sherman","LANWT","https://lanwtoi.legalserver.org/modules/matter/extern_intake.php?pid=132&h=f0baaf&"
"Smith","Lone Star Legal Aid","https://lslaoi.legalserver.org/modules/matter/extern_intake.php?pid=132&h=f0baaf&state_uuid=af9cb316-601e-11f1-ac7d-0eea33fe5494&f=375&d_id=6"
"Somervell","LANWT","https://lanwtoi.legalserver.org/modules/matter/extern_intake.php?pid=132&h=f0baaf&"
"Starr","TRLA","https://www.trla.org/help"
"Stephens","LANWT","https://lanwtoi.legalserver.org/modules/matter/extern_intake.php?pid=132&h=f0baaf&"
"Sterling","LANWT","https://lanwtoi.legalserver.org/modules/matter/extern_intake.php?pid=132&h=f0baaf&"
"Stonewall","LANWT","https://lanwtoi.legalserver.org/modules/matter/extern_intake.php?pid=132&h=f0baaf&"
"Sutton","TRLA","https://www.trla.org/help"
"Swisher","LANWT","https://lanwtoi.legalserver.org/modules/matter/extern_intake.php?pid=132&h=f0baaf&"
"Tarrant","LANWT","https://lanwtoi.legalserver.org/modules/matter/extern_intake.php?pid=132&h=f0baaf&"
"Taylor","LANWT","https://forms.cloud.microsoft/r/5cCiuTLXPG?origin=lprLink"
"Terrell","TRLA","https://www.trla.org/help"
"Terry","LANWT","https://lanwtoi.legalserver.org/modules/matter/extern_intake.php?pid=132&h=f0baaf&"
"Throckmorton","LANWT","https://lanwtoi.legalserver.org/modules/matter/extern_intake.php?pid=132&h=f0baaf&"
"Titus","Lone Star Legal Aid","https://lslaoi.legalserver.org/modules/matter/extern_intake.php?pid=132&h=f0baaf&state_uuid=af9cb316-601e-11f1-ac7d-0eea33fe5494&f=375&d_id=6"
"Tom Green","LANWT","https://lanwtoi.legalserver.org/modules/matter/extern_intake.php?pid=132&h=f0baaf&"
"Travis","TRLA","https://www.trla.org/help"
"Trinity","Lone Star Legal Aid","https://lslaoi.legalserver.org/modules/matter/extern_intake.php?pid=132&h=f0baaf&state_uuid=af9cb316-601e-11f1-ac7d-0eea33fe5494&f=375&d_id=6"
"Tyler","Lone Star Legal Aid","https://lslaoi.legalserver.org/modules/matter/extern_intake.php?pid=132&h=f0baaf&state_uuid=af9cb316-601e-11f1-ac7d-0eea33fe5494&f=375&d_id=6"
"Upshur","Lone Star Legal Aid","https://lslaoi.legalserver.org/modules/matter/extern_intake.php?pid=132&h=f0baaf&state_uuid=af9cb316-601e-11f1-ac7d-0eea33fe5494&f=375&d_id=6"
"Upton","LANWT","https://lanwtoi.legalserver.org/modules/matter/extern_intake.php?pid=132&h=f0baaf&"
"Uvalde","TRLA","https://www.trla.org/help"
"Val Verde","TRLA","https://www.trla.org/help"
"Van Zandt","Lone Star Legal Aid","https://lslaoi.legalserver.org/modules/matter/extern_intake.php?pid=132&h=f0baaf&state_uuid=af9cb316-601e-11f1-ac7d-0eea33fe5494&f=375&d_id=6"
"Victoria","TRLA","https://www.trla.org/help"
"Walker","Lone Star Legal Aid","https://lslaoi.legalserver.org/modules/matter/extern_intake.php?pid=132&h=f0baaf&state_uuid=af9cb316-601e-11f1-ac7d-0eea33fe5494&f=375&d_id=6"
"Waller","Lone Star Legal Aid","https://lslaoi.legalserver.org/modules/matter/extern_intake.php?pid=132&h=f0baaf&state_uuid=af9cb316-601e-11f1-ac7d-0eea33fe5494&f=375&d_id=6"
"Ward","LANWT","https://lanwtoi.legalserver.org/modules/matter/extern_intake.php?pid=132&h=f0baaf&"
"Washington","Lone Star Legal Aid","https://lslaoi.legalserver.org/modules/matter/extern_intake.php?pid=132&h=f0baaf&state_uuid=af9cb316-601e-11f1-ac7d-0eea33fe5494&f=375&d_id=6"
"Webb","TRLA","https://www.trla.org/help"
"Wharton","Lone Star Legal Aid","https://lslaoi.legalserver.org/modules/matter/extern_intake.php?pid=132&h=f0baaf&state_uuid=af9cb316-601e-11f1-ac7d-0eea33fe5494&f=375&d_id=6"
"Wheeler","LANWT","https://lanwtoi.legalserver.org/modules/matter/extern_intake.php?pid=132&h=f0baaf&"
"Wichita","LANWT","https://lanwtoi.legalserver.org/modules/matter/extern_intake.php?pid=132&h=f0baaf&"
"Wilbarger","LANWT","https://lanwtoi.legalserver.org/modules/matter/extern_intake.php?pid=132&h=f0baaf&"
"Willacy","TRLA","https://www.trla.org/help"
"Williamson","TRLA","https://www.trla.org/help"
"Wilson","TRLA","https://www.trla.org/help"
"Winkler","LANWT","https://lanwtoi.legalserver.org/modules/matter/extern_intake.php?pid=132&h=f0baaf&"
"Wise","LANWT","https://lanwtoi.legalserver.org/modules/matter/extern_intake.php?pid=132&h=f0baaf&"
"Wood","Lone Star Legal Aid","https://lslaoi.legalserver.org/modules/matter/extern_intake.php?pid=132&h=f0baaf&state_uuid=af9cb316-601e-11f1-ac7d-0eea33fe5494&f=375&d_id=6"
"Yoakum","LANWT","https://lanwtoi.legalserver.org/modules/matter/extern_intake.php?pid=132&h=f0baaf&"
"Young","LANWT","https://lanwtoi.legalserver.org/modules/matter/extern_intake.php?pid=132&h=f0baaf&"
"Zapata","TRLA","https://www.trla.org/help"
"Zavala","TRLA","https://www.trla.org/help"
